[{"pk": 13, "model": "contenttypes.contenttype", "fields": {"model": "address", "name": "address", "app_label": "market"}}, {"pk": 11, "model": "contenttypes.contenttype", "fields": {"model": "basket", "name": "basket", "app_label": "market"}}, {"pk": 9, "model": "contenttypes.contenttype", "fields": {"model": "category", "name": "category", "app_label": "market"}}, {"pk": 5, "model": "contenttypes.contenttype", "fields": {"model": "contenttype", "name": "content type", "app_label": "contenttypes"}}, {"pk": 2, "model": "contenttypes.contenttype", "fields": {"model": "group", "name": "group", "app_label": "auth"}}, {"pk": 4, "model": "contenttypes.contenttype", "fields": {"model": "message", "name": "message", "app_label": "auth"}}, {"pk": 1, "model": "contenttypes.contenttype", "fields": {"model": "permission", "name": "permission", "app_label": "auth"}}, {"pk": 10, "model": "contenttypes.contenttype", "fields": {"model": "product", "name": "product", "app_label": "market"}}, {"pk": 12, "model": "contenttypes.contenttype", "fields": {"model": "purchased", "name": "purchased", "app_label": "market"}}, {"pk": 6, "model": "contenttypes.contenttype", "fields": {"model": "session", "name": "session", "app_label": "sessions"}}, {"pk": 7, "model": "contenttypes.contenttype", "fields": {"model": "site", "name": "site", "app_label": "sites"}}, {"pk": 3, "model": "contenttypes.contenttype", "fields": {"model": "user", "name": "user", "app_label": "auth"}}, {"pk": 8, "model": "contenttypes.contenttype", "fields": {"model": "user", "name": "user", "app_label": "market"}}, {"pk": "c3a03b743cf089765bc9b63eb0cf35df", "model": "sessions.session", "fields": {"expire_date": "2011-04-04 04:49:15", "session_data": "gAJ9cQFVB3VzZXJfaWRxAksKcy5jNmFhNThiYmNhZmRmMzhiNjUwMzA4MDc2MWE1ZDQ3Zg==\n"}}, {"pk": "b25c3d1375e6b5a28324a9a61fd9e62f", "model": "sessions.session", "fields": {"expire_date": "2011-03-17 11:04:47", "session_data": "gAJ9cQFVB3VzZXJfaWRxAksNcy4xN2JmOGZiMTdmOWI3ZTRiYjQzNzZlM2FlMmNkYjQ0Mw==\n"}}, {"pk": "0cbee23147beaec2ad4ab33dc4a093d6", "model": "sessions.session", "fields": {"expire_date": "2011-03-17 09:49:53", "session_data": "gAJ9cQEuYWIxYzhlNTg1ZGZkNzdiNTE1ZTVjY2Q5ZDU2OGViMjM=\n"}}, {"pk": "619e8d59e2148ff73461ab88e0f9669a", "model": "sessions.session", "fields": {"expire_date": "2011-05-25 03:49:37", "session_data": "NjM4NmVmZTVkYTQ0OTkxYmRkN2FhMDNmODk4YzIwZDgxOGRlN2ZhMzqAAn1xAVUHdXNlcl9pZHEC\nSw1zLg==\n"}}, {"pk": 1, "model": "sites.site", "fields": {"domain": "example.com", "name": "example.com"}}, {"pk": 10, "model": "market.user", "fields": {"is_admin": false, "login": "some_dude", "password": "087907276cb0b88f857fc804d10128ee8973f3f7", "salt": "rvGIQPIgla", "email": "11@1.ru"}}, {"pk": 12, "model": "market.user", "fields": {"is_admin": false, "login": "new_newbie", "password": "96808386d35ee73d8f8470fc6179c0e5e1ea130a", "salt": "IODyetxwqi", "email": "1@1.ru"}}, {"pk": 13, "model": "market.user", "fields": {"is_admin": true, "login": "Inquizitor", "password": "cf55df891385919b5f3c840e427d3f96c661d6fc", "salt": "KkFJzLCKgW", "email": "lu@yandex.ru"}}, {"pk": 14, "model": "market.user", "fields": {"is_admin": false, "login": "test", "password": "6afd1ebf8218e9da9efd739445f5d7d308d2b126", "salt": "ExAyaPdjqf", "email": "t@a.com"}}, {"pk": 1, "model": "market.category", "fields": {"path": "1", "depth": 0, "name": "Souls"}}, {"pk": 2, "model": "market.category", "fields": {"path": "1.5.2", "depth": 2, "name": "Saints"}}, {"pk": 4, "model": "market.category", "fields": {"path": "1.5.4", "depth": 2, "name": "Elves"}}, {"pk": 5, "model": "market.category", "fields": {"path": "1.5", "depth": 1, "name": "Immortal"}}, {"pk": 7, "model": "market.category", "fields": {"path": "1.7", "depth": 1, "name": "Fallen"}}, {"pk": 10, "model": "market.category", "fields": {"path": "1.10", "depth": 1, "name": "Otherworld"}}, {"pk": 12, "model": "market.category", "fields": {"path": "1.7.12", "depth": 2, "name": "Circle 1: Limbo"}}, {"pk": 13, "model": "market.category", "fields": {"path": "1.7.13", "depth": 2, "name": "Circle 2: Lust"}}, {"pk": 14, "model": "market.category", "fields": {"path": "1.7.14", "depth": 2, "name": "Circle 3: Gluttony"}}, {"pk": 15, "model": "market.category", "fields": {"path": "1.7.15", "depth": 2, "name": "Circle 4: Greed"}}, {"pk": 16, "model": "market.category", "fields": {"path": "1.7.16", "depth": 2, "name": "Circle 5: Anger"}}, {"pk": 17, "model": "market.category", "fields": {"path": "1.7.17", "depth": 2, "name": "Circle 6: Heresy"}}, {"pk": 18, "model": "market.category", "fields": {"path": "1.7.18", "depth": 2, "name": "Circle 7: Violence"}}, {"pk": 19, "model": "market.category", "fields": {"path": "1.7.18.19", "depth": 3, "name": "Outer ring: People"}}, {"pk": 20, "model": "market.category", "fields": {"path": "1.7.18.20", "depth": 3, "name": "Middle ring: Self"}}, {"pk": 21, "model": "market.category", "fields": {"path": "1.7.18.21", "depth": 3, "name": "Inner ring: Nature"}}, {"pk": 22, "model": "market.category", "fields": {"path": "1.7.22", "depth": 2, "name": "Circle 8: Fraud"}}, {"pk": 23, "model": "market.category", "fields": {"path": "1.7.22.23", "depth": 3, "name": "Bolgia 1: Panderers"}}, {"pk": 24, "model": "market.category", "fields": {"path": "1.7.22.24", "depth": 3, "name": "Bolgia 2: Flatterers"}}, {"pk": 25, "model": "market.category", "fields": {"path": "1.7.22.25", "depth": 3, "name": "Bolgia 3: Simonists"}}, {"pk": 26, "model": "market.category", "fields": {"path": "1.7.22.26", "depth": 3, "name": "Bolgia 4: Sorcerers"}}, {"pk": 27, "model": "market.category", "fields": {"path": "1.7.22.27", "depth": 3, "name": "Bolgia 5: Corrupt politicians"}}, {"pk": 28, "model": "market.category", "fields": {"path": "1.7.22.28", "depth": 3, "name": "Bolgia 6: Hypocrites"}}, {"pk": 29, "model": "market.category", "fields": {"path": "1.7.22.29", "depth": 3, "name": "Bolgia 7: Thieves"}}, {"pk": 30, "model": "market.category", "fields": {"path": "1.7.22.30", "depth": 3, "name": "Bolgia 8: Fraudulent advisers"}}, {"pk": 31, "model": "market.category", "fields": {"path": "1.7.22.31", "depth": 3, "name": "Bolgia 9: Sowers of discord"}}, {"pk": 32, "model": "market.category", "fields": {"path": "1.7.22.32", "depth": 3, "name": "Bolgia 10: Falsifiers"}}, {"pk": 33, "model": "market.category", "fields": {"path": "1.7.33", "depth": 2, "name": "Circle 9: Treachery"}}, {"pk": 34, "model": "market.category", "fields": {"path": "1.7.33.34", "depth": 3, "name": "Round 1: Relatives"}}, {"pk": 35, "model": "market.category", "fields": {"path": "1.7.33.35", "depth": 3, "name": "Round 2: Homeland"}}, {"pk": 1, "model": "market.product", "fields": {"category": 4, "image": "", "price": 400, "name": "Feanor", "description": "I noldo calima"}}, {"pk": 2, "model": "market.product", "fields": {"category": 4, "image": "", "price": 300, "name": "Arwen", "description": "The Lady of the Everning"}}, {"pk": 3, "model": "market.product", "fields": {"category": 4, "image": "", "price": 350, "name": "Luthien", "description": "The Lady of the Morning Twilight and of the nightingale's songs"}}, {"pk": 4, "model": "market.product", "fields": {"category": 4, "image": "", "price": 90, "name": "Veganna", "description": "Good old friend. Dark elf"}}, {"pk": 5, "model": "market.product", "fields": {"category": 4, "image": "", "price": 800, "name": "Luchiel", "description": "Creator costs a lot. Alpha-version of creator is much cheaper"}}, {"pk": 6, "model": "market.product", "fields": {"category": 13, "image": "media/img/28827066b502fb5b60c6e5ab41933379.jpg", "price": 40, "name": "Lusty Girl", "description": "Seven Sins Collection"}}, {"pk": 7, "model": "market.product", "fields": {"category": 14, "image": "media/img/3c2f34c2fa2f703bb3d91f148a312e7a.jpg", "price": 40, "name": "Hungry Girl", "description": "Seven Sins Collection"}}, {"pk": 8, "model": "market.product", "fields": {"category": 15, "image": "media/img/7ee164507bfc61c8d38d4157ff5147a6.jpg", "price": 40, "name": "Golden Girl", "description": "Definitely gorgeous"}}, {"pk": 9, "model": "market.product", "fields": {"category": 16, "image": "media/img/8c8bd35065921a24e2381865856b8a2e.jpg", "price": 50, "name": "Angry Girl", "description": "Seven Sins Collection"}}, {"pk": 10, "model": "market.product", "fields": {"category": 17, "image": "media/img/9ddc9f03ae1034dc169c8f10fefda974.jpg", "price": 60, "name": "Heretic", "description": "In safety capsule. Dangerous if outside"}}, {"pk": 11, "model": "market.product", "fields": {"category": 17, "image": "media/img/3ee50a42e97ce40460d3608535b8245f.jpg", "price": 60, "name": "Heretic 2", "description": "Is sold with cucumbers"}}, {"pk": 12, "model": "market.product", "fields": {"category": 18, "image": "media/img/da1d24384fc42eee1168c9e48c69bcf2.jpg", "price": 55, "name": "Mad Photographer", "description": "Hunted people with a camera. Got beaten, went to Circle 7 for making girls cry."}}, {"pk": 13, "model": "market.product", "fields": {"category": 2, "image": "", "price": 33, "name": "\u0423\u0433\u043e\u043b\u043e\u0432\u043d\u044b\u0439 \u043a\u043e\u0434\u0435\u043a\u0441", "description": "\u041f\u0440\u0435\u0434\u043f\u043e\u043b\u0430\u0433\u0430\u0435\u0442\u0441\u044f, \u0447\u0442\u043e \u0438\u043c\u0435\u043d\u043d\u043e \u0437\u0434\u0435\u0441\u044c \u043c\u043e\u0436\u043d\u043e \u043e\u0431\u043d\u0430\u0440\u0443\u0436\u0438\u0442\u044c \u043d\u0430\u043a\u0430\u0437\u0430\u043d\u0438\u0435 \u0437\u0430 \u0442\u043e\u0440\u0433\u043e\u0432\u043b\u044e \u0441\u0432\u044f\u0442\u044b\u043c\u0438. \u0412\u043d\u0443\u0442\u0440\u0435\u043d\u043d\u044f\u044f \u0441\u0442\u043e\u0440\u043e\u043d\u0430 \u043e\u0431\u043b\u043e\u0436\u043a\u0438, \u043a\u0430\u0440\u0430\u043d\u0434\u0430\u0448."}}, {"pk": 14, "model": "market.product", "fields": {"category": 2, "image": "", "price": 1, "name": "\u0414\u043d\u0435\u0432\u043d\u0438\u043a", "description": "\u0416\u0438\u0442\u0438\u0435 \u0441\u0440\u0435\u0434\u043d\u0435\u0441\u0442\u0430\u0442\u0438\u0441\u0442\u0438\u0447\u0435\u0441\u043a\u043e\u0433\u043e \u0441\u0432\u044f\u0442\u043e\u0433\u043e. \u041a\u043e\u0433\u043e \u0438\u043c\u0435\u043d\u043d\u043e - \u0437\u0430\u0432\u0438\u0441\u0438\u0442 \u043e\u0442 \u0443\u0434\u0430\u0447\u0438"}}, {"pk": 15, "model": "market.product", "fields": {"category": 2, "image": "", "price": 236, "name": "\u041f\u043e\u0440\u0442\u0440\u0435\u0442 \u0432\u0435\u0434\u044c\u043c\u044b", "description": "\u041e\u0431\u043d\u0430\u0440\u0443\u0436\u0435\u043d \u0432 \u043c\u043e\u043d\u0430\u0441\u0442\u044b\u0440\u0435 \u0431\u043b\u0438\u0437 \u0433\u043e\u0440\u043e\u0434\u0430 N."}}, {"pk": 16, "model": "market.product", "fields": {"category": 5, "image": "", "price": 700, "name": "\u0410\u043b\u0443\u043a\u0430\u0440\u0434", "description": "\u041a\u0430\u043a \u043d\u0438 \u043a\u0440\u0443\u0442\u0438, \u0431\u0435\u0441\u0441\u043c\u0435\u0440\u0442\u0435\u043d."}}, {"pk": 1, "model": "market.basket", "fields": {"user": null, "session_id": "619e8d59e2148ff73461ab88e0f9669a"}}, {"pk": 2, "model": "market.basket", "fields": {"user": 13, "session_id": null}}, {"pk": 4, "model": "auth.permission", "fields": {"codename": "add_group", "name": "Can add group", "content_type": 2}}, {"pk": 5, "model": "auth.permission", "fields": {"codename": "change_group", "name": "Can change group", "content_type": 2}}, {"pk": 6, "model": "auth.permission", "fields": {"codename": "delete_group", "name": "Can delete group", "content_type": 2}}, {"pk": 10, "model": "auth.permission", "fields": {"codename": "add_message", "name": "Can add message", "content_type": 4}}, {"pk": 11, "model": "auth.permission", "fields": {"codename": "change_message", "name": "Can change message", "content_type": 4}}, {"pk": 12, "model": "auth.permission", "fields": {"codename": "delete_message", "name": "Can delete message", "content_type": 4}}, {"pk": 1, "model": "auth.permission", "fields": {"codename": "add_permission", "name": "Can add permission", "content_type": 1}}, {"pk": 2, "model": "auth.permission", "fields": {"codename": "change_permission", "name": "Can change permission", "content_type": 1}}, {"pk": 3, "model": "auth.permission", "fields": {"codename": "delete_permission", "name": "Can delete permission", "content_type": 1}}, {"pk": 7, "model": "auth.permission", "fields": {"codename": "add_user", "name": "Can add user", "content_type": 3}}, {"pk": 8, "model": "auth.permission", "fields": {"codename": "change_user", "name": "Can change user", "content_type": 3}}, {"pk": 9, "model": "auth.permission", "fields": {"codename": "delete_user", "name": "Can delete user", "content_type": 3}}, {"pk": 13, "model": "auth.permission", "fields": {"codename": "add_contenttype", "name": "Can add content type", "content_type": 5}}, {"pk": 14, "model": "auth.permission", "fields": {"codename": "change_contenttype", "name": "Can change content type", "content_type": 5}}, {"pk": 15, "model": "auth.permission", "fields": {"codename": "delete_contenttype", "name": "Can delete content type", "content_type": 5}}, {"pk": 37, "model": "auth.permission", "fields": {"codename": "add_address", "name": "Can add address", "content_type": 13}}, {"pk": 38, "model": "auth.permission", "fields": {"codename": "change_address", "name": "Can change address", "content_type": 13}}, {"pk": 39, "model": "auth.permission", "fields": {"codename": "delete_address", "name": "Can delete address", "content_type": 13}}, {"pk": 31, "model": "auth.permission", "fields": {"codename": "add_basket", "name": "Can add basket", "content_type": 11}}, {"pk": 32, "model": "auth.permission", "fields": {"codename": "change_basket", "name": "Can change basket", "content_type": 11}}, {"pk": 33, "model": "auth.permission", "fields": {"codename": "delete_basket", "name": "Can delete basket", "content_type": 11}}, {"pk": 25, "model": "auth.permission", "fields": {"codename": "add_category", "name": "Can add category", "content_type": 9}}, {"pk": 26, "model": "auth.permission", "fields": {"codename": "change_category", "name": "Can change category", "content_type": 9}}, {"pk": 27, "model": "auth.permission", "fields": {"codename": "delete_category", "name": "Can delete category", "content_type": 9}}, {"pk": 28, "model": "auth.permission", "fields": {"codename": "add_product", "name": "Can add product", "content_type": 10}}, {"pk": 29, "model": "auth.permission", "fields": {"codename": "change_product", "name": "Can change product", "content_type": 10}}, {"pk": 30, "model": "auth.permission", "fields": {"codename": "delete_product", "name": "Can delete product", "content_type": 10}}, {"pk": 34, "model": "auth.permission", "fields": {"codename": "add_purchased", "name": "Can add purchased", "content_type": 12}}, {"pk": 35, "model": "auth.permission", "fields": {"codename": "change_purchased", "name": "Can change purchased", "content_type": 12}}, {"pk": 36, "model": "auth.permission", "fields": {"codename": "delete_purchased", "name": "Can delete purchased", "content_type": 12}}, {"pk": 22, "model": "auth.permission", "fields": {"codename": "add_user", "name": "Can add user", "content_type": 8}}, {"pk": 23, "model": "auth.permission", "fields": {"codename": "change_user", "name": "Can change user", "content_type": 8}}, {"pk": 24, "model": "auth.permission", "fields": {"codename": "delete_user", "name": "Can delete user", "content_type": 8}}, {"pk": 16, "model": "auth.permission", "fields": {"codename": "add_session", "name": "Can add session", "content_type": 6}}, {"pk": 17, "model": "auth.permission", "fields": {"codename": "change_session", "name": "Can change session", "content_type": 6}}, {"pk": 18, "model": "auth.permission", "fields": {"codename": "delete_session", "name": "Can delete session", "content_type": 6}}, {"pk": 19, "model": "auth.permission", "fields": {"codename": "add_site", "name": "Can add site", "content_type": 7}}, {"pk": 20, "model": "auth.permission", "fields": {"codename": "change_site", "name": "Can change site", "content_type": 7}}, {"pk": 21, "model": "auth.permission", "fields": {"codename": "delete_site", "name": "Can delete site", "content_type": 7}}, {"pk": 1, "model": "auth.user", "fields": {"username": "admin", "first_name": "", "last_name": "", "is_active": true, "is_superuser": true, "is_staff": true, "last_login": "2011-03-07 01:08:29", "groups": [], "user_permissions": [], "password": "sha1$10baf$f18813373bbfcac345463c6e8fc37d1294c77a43", "email": "luchiella@yandex.ru", "date_joined": "2011-03-07 01:08:29"}}]